	English words/sentences	French words/sentences
0	Hi.	Salut!
1	Run!	Cours !
2	Run!	Courez !
3	Who?	Qui ?
4	Wow!	Ça alors !
5	Fire!	Au feu !
6	Help!	À l'aide !
7	Jump.	Saute.
8	Stop!	Ça suffit !
9	Stop!	Stop !
10	Stop!	Arrête-toi !
11	Wait!	Attends !
12	Wait!	Attendez !
13	Go on.	Poursuis.
14	Go on.	Continuez.
15	Go on.	Poursuivez.
16	Hello!	Bonjour !
17	Hello!	Salut !
18	I see.	Je comprends.
19	I try.	J'essaye.
20	I won!	J'ai gagné !
21	I won!	Je l'ai emporté !
22	I won.	J’ai gagné.
23	Oh no!	Oh non !
24	Attack!	Attaque !
25	Attack!	Attaquez !
26	Cheers!	Santé !
27	Cheers!	À votre santé !
28	Cheers!	Merci !
29	Cheers!	Tchin-tchin !
30	Get up.	Lève-toi.
31	Go now.	Va, maintenant.
32	Go now.	Allez-y maintenant.
33	Go now.	Vas-y maintenant.
34	Got it!	J'ai pigé !
35	Got it!	Compris !
36	Got it?	Pigé ?
37	Got it?	Compris ?
38	Got it?	T'as capté ?
39	Hop in.	Monte.
40	Hop in.	Montez.
41	Hug me.	Serre-moi dans tes bras !
42	Hug me.	Serrez-moi dans vos bras !
43	I fell.	Je suis tombée.
44	I fell.	Je suis tombé.
45	I know.	Je sais.
46	I left.	Je suis parti.
47	I left.	Je suis partie.
48	I lied.	J'ai menti.
49	I lost.	J'ai perdu.
50	I paid.	J’ai payé.
51	I'm 19.	J'ai 19 ans.
52	I'm OK.	Je vais bien.
53	I'm OK.	Ça va.
54	No way!	C'est pas possible !
55	No way!	Impossible !
56	No way!	En aucun cas.
57	No way!	Sans façons !
58	No way!	C'est hors de question !
59	No way!	Il n'en est pas question !
60	No way!	C'est exclu !
61	No way!	En aucune manière !
62	No way!	Hors de question !
63	We try.	On essaye.
64	We won.	Nous avons gagné.
65	We won.	Nous gagnâmes.
66	We won.	Nous l'avons emporté.
67	We won.	Nous l'emportâmes.
68	Ask Tom.	Demande à Tom.
69	Be calm.	Sois calme !
70	Be calm.	Soyez calme !
71	Be calm.	Soyez calmes !
72	Be cool.	Sois détendu !
73	Be fair.	Sois juste !
74	Be fair.	Soyez juste !
75	Be fair.	Soyez justes !
76	Be fair.	Sois équitable !
77	Be fair.	Soyez équitable !
78	Be fair.	Soyez équitables !
79	Be kind.	Sois gentil.
80	Be nice.	Sois gentil !
81	Be nice.	Sois gentille !
82	Be nice.	Soyez gentil !
83	Be nice.	Soyez gentille !
84	Be nice.	Soyez gentils !
85	Be nice.	Soyez gentilles !
86	Beat it.	Dégage !
87	Call me.	Appelle-moi !
88	Call me.	Appellez-moi !
89	Call us.	Appelle-nous !
90	Call us.	Appelez-nous !
91	Come in.	Entrez !
92	Come in.	Entre.
93	Come in.	Entre !
94	Come in.	Entrez !
95	Come on!	Allez !
96	Come on.	Allez !
97	Come on.	Viens !
98	Come on.	Venez !
99	Drop it!	Laisse tomber !
100	I'll go.	J'irai.
101	I'm Tom.	Je suis Tom.
102	I'm fat.	Je suis gras.
103	I'm fat.	Je suis gros.
104	I'm fit.	Je suis en forme.
105	I'm hit!	Je suis touché !
106	I'm hit!	Je suis touchée !
107	I'm ill.	Je suis malade.
108	I'm sad.	Je suis triste.
109	I'm shy.	Je suis timide.
110	I'm wet.	Je suis mouillé.
111	I'm wet.	Je suis mouillée.
112	It's me!	C'est bibi !
113	Me, too.	Moi aussi.
114	Am I fat?	Suis-je gros ?
115	Am I fat?	Suis-je grosse ?
116	Be a man.	Sois un homme !
117	Be a man.	Soyez un homme !
118	He's wet.	Il est mouillé.
119	Hi, guys.	Salut, les mecs !
120	I did OK.	Je m'en suis bien sorti.
121	I did OK.	Je m'en suis bien sortie.
122	I did it.	Je l'ai fait.
123	I did it.	C'est moi qui l'ai fait.
124	I get it.	J'ai compris.
125	I got it.	J'ai compris.
126	I got it.	J'ai capté.
127	I saw it.	Je l'ai vu.
128	I saw it.	Je l’ai vu.
129	I use it.	Je l'utilise.
130	I use it.	J'en fais usage.
131	I use it.	Je m'en sers.
132	I'll pay.	Je paierai.
133	I'll try.	Je vais essayer.
134	I'll try.	J'essaierai.
135	I'm back.	Je suis revenu.
136	I'm back.	Me revoilà.
137	I'm bald.	Je suis chauve.
138	I'm busy.	Je suis occupé.
139	I'm busy.	Je suis occupée.
140	I'm calm.	Je suis calme.
141	I'm cold.	J'ai froid.
142	I'm cool.	Je suis détendu.
143	I'm cool.	Je suis détendue.
144	I'm deaf.	Je suis sourd.
145	I'm deaf.	Je suis sourde.
146	I'm done.	J'en ai fini.
147	I'm fair.	Je suis juste.
148	I'm fair.	J'ai la peau claire.
149	I'm fair.	J'ai le teint clair.
150	He's a DJ.	Il est DJ.
151	Here's $5.	Voilà cinq dollars.
152	I'm a cop.	Je suis flic.
153	I'm a man.	Je suis un homme.
154	It's a TV.	C'est une télé.
155	He is a DJ.	Il est DJ.
156	I am a man.	Je suis un homme.
157	I can't go.	Je ne peux pas y aller.
158	I can't go.	Je ne peux pas m'y rendre.
159	I can't go.	Je ne peux pas partir.
160	I won't go.	Je n'irai pas.
161	I'll do it.	Je vais le faire.
162	I'll do it.	Je le ferai.
163	I'll go in.	J'entrerai.
164	I'm a girl.	Je suis une fille.
165	I'm a hero.	Je suis un héros.
166	I'm a liar.	Je suis un menteur.
167	I'm a twin.	J'ai un jumeau.
168	I'm in bed.	Je suis au lit.
169	I'm in bed.	Je suis alité.
170	I'm in bed.	Je suis alitée.
171	I'm so fat.	Je suis tellement gros.
172	It's a fad.	C'est une passade.
173	It's a fad.	C'est une tocade.
174	It's a fad.	C'est un phénomène de mode.
175	It's my CD.	C'est mon CD.
176	It's on me.	C'est pour moi.
177	Don't do it!	Ne le fais pas !
178	Don't do it!	Ne le faites pas !
179	Don't do it.	Ne le fais pas !
180	Don't do it.	Ne le faites pas !
181	He's a hunk.	C'est un beau mec.
182	He's a hunk.	C'est un beau gosse.
183	He's a jerk.	C'est un pauvre type.
184	He's a liar.	C'est un menteur.
185	He's a nerd.	C'est un binoclard.
186	He's a slob.	C'est un flemmard.
187	He's my age.	Il a mon âge.
188	He's not in.	Il n'est pas chez lui.
189	He's not in.	Il n'est pas à l'intérieur.
190	He's not in.	Il n'est pas là.
191	I am a cook.	Je suis cuisinier.
192	I am a monk.	Je suis un moine.
193	I am a twin.	J'ai un jumeau.
194	I can do it.	Je peux le faire.
195	I can do it.	Je peux y arriver.
196	I can do it.	Je peux y parvenir.
197	I can do it.	J'arrive à le faire.
198	I can't eat.	Je ne peux pas manger.
199	I can't say.	Je ne puis le dire.
200	I'm 17, too.	J'ai également dix-sept ans.
201	"I did see it."""	Je l'ai vu, en effet.
202	I'm 99% sure.	J'en suis sûr à 99%.
203	I'm 99% sure.	J'en suis sûre à 99%.
204	I'm off-duty.	Je ne suis pas en service.
205	Can I go, too?	Est-ce que je peux y aller aussi ?
206	I can't do it.	Je n'y arrive pas.
207	I can't do it.	Je n'y parviens pas.
208	I'm busy, too.	Je suis également affairé.
209	I'm busy, too.	Je suis également affairée.
210	I'm busy, too.	Je suis également occupé.
211	I'm busy, too.	Je suis également occupée.
212	I'm home, Tom.	Je suis chez moi, Tom.
213	I'm not a cop.	Je ne suis pas flic.
214	I'm not a fan.	Je ne fais pas partie de ses admirateurs.
215	I'm not a fan.	Je ne fais pas partie de leurs admirateurs.
216	I'm not a kid.	Je ne suis pas un enfant.
217	I'm not a kid.	Je ne suis pas un gamin.
218	I'm not a kid.	Je ne suis pas une gamine.
219	I'm on a diet.	Je suis au régime.
220	I'm on my way.	Je suis en chemin.
221	I'm on my way.	Je suis en route.
222	Let's go, Tom.	Allons-y, Tom.
223	No, he didn't.	Non, il ne l'a pas fait.
224	No, you can't.	Non, tu ne peux pas.
225	No, you can't.	Non, vous ne pouvez pas.
226	OK, I'm ready.	Bon, je suis prêt.
227	OK, I'm ready.	Bon, je suis prête.
228	Oh, I'm sorry.	Oh, je suis désolée.
229	Can I see, too?	Puis-je également voir ?
230	He can't do it.	Il est incapable de le faire.
231	He can't do it.	Il n'est pas capable de le faire.
232	He saw it, too.	Il l'a vu aussi.
233	He saw it, too.	Il l’a vu aussi.
234	He's a big boy.	C’est un grand garçon.
235	He's a bit shy.	Il est un peu timide.
236	He's a bit shy.	Il est quelque peu timide.
237	He's a man now.	C'est désormais un homme.
238	He's an ex-con.	C'est un ancien détenu.
239	Hey, what's up?	Hé ! Quoi de neuf ?
240	Hi! What's new?	Hé ! Quoi de neuf ?
241	I am a shy boy.	Je suis un garçon timide.
242	I am in a spot.	Je suis dans le pétrin.
243	I am in a spot.	Je suis dans un endroit.
244	I can't get in.	Je ne parviens pas à y pénétrer.
245	I can't get in.	Je ne parviens pas à y entrer.
246	I can't get up.	Je n'arrive pas à me lever.
247	I can't go out.	Je ne peux pas sortir.
248	I can't see it.	Je ne peux pas la voir.
249	I can't use it.	Je ne peux pas l'utiliser.
250	"I'll be glad to."""	Oui, avec joie.
251	No, I didn't go.	Non, je ne suis pas parti.
252	No, I didn't go.	Non, je n'y suis pas allé.
253	Don't do it, Tom.	Ne fais pas ça, Tom.
254	Hi! I'm new here.	Salut ! Je suis nouveau, ici.
255	I'll be at Tom's.	Je serai chez Tom.
256	Oh, I'm so sorry.	Oh, je suis désolé.
257	Go away. I'm busy.	Partez. Je suis occupé.
258	Go away. I'm busy.	Allez-vous en. Je suis occupée.
259	I know it's a lie.	Je sais que c'est un mensonge.
260	I know it's a lie.	Je sais qu'il s'agit d'un mensonge.
261	I'd be angry, too.	Je serais moi aussi en colère.
262	I'd love to do it.	J'adorerais le faire.
263	I'll be in my car.	Je serai dans ma voiture.
264	I'm a big boy now.	Je suis un grand garçon maintenant.
265	I'm as old as you.	Je suis aussi âgé que toi.
266	I'm as old as you.	Je suis aussi âgée que toi.
267	I'm as old as you.	Je suis aussi âgé que vous.
268	I'm as old as you.	Je suis aussi âgée que vous.
269	I'm glad I did it.	Je me réjouis de l'avoir fait.
270	I'm not in a rush.	Je ne suis pas aux pièces.
271	I'm on my way out.	Je vais sortir.
272	It's a boys' club.	C'est un cercle de garçons.
273	It's a no-brainer.	C'est simple comme bonjour.
274	It's a no-brainer.	C'est l'enfance de l'art.
275	It's a no-brainer.	Il n'y a pas à hésiter.
276	It's a no-brainer.	Il n'y a aucune hésitation.
277	It's a no-brainer.	Je ne vois pas où est le problème.
278	It's a no-brainer.	Il n'y a pas de quoi se faire des nœuds au cerveau.
279	It's all I can do.	C'est tout ce que je peux faire.
280	It's all I've got.	C'est tout ce que j'ai.
281	Let's go to Tom's.	Allons chez Tom.
282	No, I didn't help.	Non, je n'ai pas aidé.
283	No, it isn't easy.	Non, ce n'est pas facile.
284	No, it's not easy.	Non, ce n'est pas facile.
285	OK, I'll order it.	D'accord, je le commanderai.
286	OK, let's do this.	C'est bon, allons-y.
287	Don't be a bad boy.	Ne sois pas un mauvais garçon.
288	Don't do it for me.	Ne le fais pas pour moi.
289	For here, or to go?	À emporter ou à consommer sur place ?
290	For here, or to go?	Sur place ou à emporter ?
291	For here, or to go?	Sur place ou pour emporter ?
292	For here, or to go?	Pour consommer sur place ou à emporter ?
293	"Get in the car now."""	Monte dans la voiture, maintenant !
294	He's not a bad boy.	Ce n'est pas un mauvais garçon.
295	He's not a bad guy.	Ce n'est pas un mauvais bougre.
296	He's not one of us.	Il n'est pas des nôtres.
297	He's one of a kind.	Il est unique en son genre.
298	Help! I can't swim.	À l'aide ! Je ne sais pas nager.
299	Hey, don't do that!	Hé, ne faites pas ça !
300	I'm glad I'm a man.	Je suis content d'être un homme.
301	I'm here, aren't I?	Je suis ici, n'est-ce pas ?
302	I'm late, aren't I?	Je suis en retard, n'est-ce pas ?
303	I'm not late, am I?	Je ne suis pas en retard, n'est-ce pas ?
304	He's a stand-up guy.	C'est un type sur qui on peut compter.
305	I'd like to go, too.	J'aimerais aussi y aller.
306	I'd like to go, too.	J'aimerais également m'y rendre.
307	I'm right, aren't I?	J'ai raison, non ?
308	Is it a yes or a no?	C'est oui ou c'est non ?
309	No, I don't want to.	Non, je ne veux pas.
310	Tom's fat, isn't he?	Tom est gros, n'est-ce pas ?
311	Come on, let's do it.	Allez, faisons-le !
312	Come on, let's do it.	Allez, action !
313	Don't worry. It's OK.	Ne t'inquiète pas. Ça va.
314	He is cool, isn't he?	Il est cool, pas vrai ?
315	He isn't here, is he?	Il n'est pas là, non ?
316	Hey, guys. What's up?	Hé, les mecs ! Quoi de neuf ?
317	Hey, guys. What's up?	Hé, les gars ! Quoi de neuf ?
318	Hey, it's not so bad.	Hé, c'est pas si mal !
319	I can't do that, sir.	Je ne peux pas faire cela, Monsieur.
320	I sent you an e-mail.	Je t'ai envoyé un courrier électronique.
321	I'll see if he is in.	Je vais voir s'il est là.
322	I'm as tall as he is.	Je suis aussi grand que lui.
323	I'm glad I'm not Tom.	Je suis content de ne pas être Tom.
324	Let's go by taxi, OK?	Allons-y en taxi, d'accord ?
325	OK, I think I get it.	D'accord, je pense que je capte.
326	OK, I think I get it.	D'accord, je pense que je pige.
327	OK, I think I got it.	D'accord, je pense que j'ai capté.
328	OK, I think I got it.	D'accord, je pense que j'ai pigé.
329	Tom is sad, isn't he?	Tom est triste, n'est-ce pas ?
330	All right, I'll do it.	D'accord, je le ferai.
331	And now, it's my turn!	Et maintenant, c'est mon tour !
332	Come on, let's try it.	Allez, essayons !
333	Come on, let's try it.	Allez, tentons-le !
334	He is a self-made man.	C'est un homme qui s'est fait lui-même.
335	Hey, I got you a beer.	Hey, je t'ai pris une bière.
336	I can do it in a week.	Je peux le faire en une semaine.
337	I can't help you, Tom.	Je ne peux pas t'aider, Tom.
338	I can't say I'm sorry.	Je ne peux pas dire que je sois désolé.
339	I can't say I'm sorry.	Je ne peux pas dire que je sois désolée.
340	I don't hate you, Tom.	Je ne te déteste pas, Tom.
341	I don't hate you, Tom.	Je ne te hais pas, Tom.
342	I don't know who I am.	Je ne sais pas qui je suis.
343	I don't need a new TV.	Je n'ai pas besoin d'une nouvelle télévision.
344	I knew I had to do it.	Je savais que je devais le faire.
345	I'd bet my life on it.	Je parierais ma vie là-dessus.
346	I'd like a cup of tea.	J'aimerais avoir une tasse de thé.
347	I'd like a cup of tea.	Je voudrais une tasse de thé.
348	I'd like to buy a map.	J'aimerais acheter une carte.
349	I'd like to try it on.	J'aimerais l'essayer.
350	"Who is it? It's me."""	« Qui est là ? » « C'est moi. »
351	"Who is it? It's me."""	« Qui est-ce ? » « C'est moi. »
352	He's the one, isn't he?	C'est lui, n'est-ce pas ?
353	I'm glad I'm not a dog.	Je suis ravi de ne pas être un chien.
354	I'm the boss, aren't I?	Je suis le patron, non ?
355	I'm the boss, aren't I?	C'est moi le patron, non ?
356	OK, I'll give it a try.	D'accord, je vais essayer.
357	That's my CD, isn't it?	C'est mon CD, n'est-ce pas ?
358	Don't worry. I'll do it.	Ne t'inquiète pas. Je le ferai.
359	Don't worry. I'll do it.	Ne vous inquiétez pas. Je m'en charge.
360	He isn't at home, is he?	Il n'est pas à la maison, n'est-ce pas ?
361	I didn't do this, did I?	Je n'ai pas fait cela, si ?
362	I hate my mother-in-law.	Je déteste ma belle-mère.
363	I'm busy, so I can't go.	Je suis occupé, je ne peux donc m'y rendre.
364	I'm busy, so I can't go.	Je suis occupé, je ne peux donc y aller.
365	I'm busy, so I can't go.	Je suis occupé, alors je ne peux pas m'y rendre.
366	I'm busy, so I can't go.	Je suis occupé, alors je ne peux pas y aller.
367	It's very hot, isn't it?	Il fait très chaud, n'est-ce pas ?
368	No, thank you. I'm full.	Non, merci. Je suis rassasié.
369	OK, I won't do it again.	D'accord, je ne le ferai plus.
370	Tom can do it, can't he?	Tom peut le faire, non ?
371	"Who are you? I'm Tom."""	« Qui es-tu ? » « Je suis Tom. »
372	Don't come in. I'm naked.	N'entre pas ! Je suis nu.
373	Don't come in. I'm naked.	N'entre pas ! Je suis nue.
374	Don't come in. I'm naked.	N'entrez pas ! Je suis nu.
375	Don't come in. I'm naked.	N'entrez pas ! Je suis nue.
376	I didn't say I'd do that.	Je n'ai pas dit que je ferais ça.
377	I didn't say I'd do that.	Je n'ai pas dit que je le ferais.
378	I don't mind if it's hot.	Ça ne me dérange pas que ce soit chaud.
379	I don't mind if it's hot.	Ça ne me dérange pas qu'il fasse chaud.
380	I have a 13-year-old son.	J'ai un fils de 13 ans.
381	"I just don't want to die."""	Je ne veux pas mourir, un point c'est tout.
382	I'd like to be in a band.	J'aimerais faire partie d'un groupe.
383	I'm not a baby, you know!	Je ne suis plus un bébé !
384	I'm not as rich as I was.	Je ne suis pas aussi riche que je le fus.
385	I'm not as rich as I was.	Je ne suis pas aussi riche que je l'étais.
386	I'm not gonna lie to you.	Je ne vais pas te mentir.
387	I'm not gonna lie to you.	Je ne vais pas vous mentir.
388	I'm sure I'll find a way.	Je suis certain de trouver un moyen.
389	I've been told I'm a pig.	On m'a dit que j'étais un cochon.
390	If it's fun, I will stay.	Si c'est marrant, je resterai.
391	If you want to, we'll go.	Si tu le veux, nous irons.
392	If you want to, we'll go.	Si tu le veux, nous partirons.
393	If you want to, we'll go.	Si vous le voulez, nous irons.
394	If you want to, we'll go.	Si vous le voulez, nous partirons.
395	Is it OK if I open a can?	Puis-je ouvrir une boîte ?
396	Is it OK if I open a can?	Puis-je ouvrir une cannette ?
397	It wasn't me. It was Tom.	Ce n'était pas moi. C'était Tom.
398	It's all in a day's work.	Ça fait partie du travail.
399	It's hot today, isn't it?	Il fait chaud, aujourd'hui, n'est-ce pas ?
400	Tom is a 33-year-old man.	Tom est un homme de trente-trois ans.
401	Tom is a 33-year-old man.	Tom est un homme de 33 ans.
402	I have a ten-year-old boy.	J'ai un garçon de dix ans.
403	I have a ten-year-old boy.	J'ai un garçon âgé de dix ans.
404	I need some get-up-and-go.	J'ai besoin d'une stimulation.
405	I need some get-up-and-go.	J'ai besoin d'énergie.
406	I'm sorry, I don't buy it.	Je suis désolé, je ne gobe pas ça.
407	I'm sorry, I don't buy it.	Je suis désolée, je ne gobe pas ça.
408	If I were you, I'd buy it.	Si j'étais à ta place, je l'achèterais.
409	If I were you, I'd buy it.	Si j'étais vous, je l'acquerrais.
410	If I were you, I'd buy it.	Si j'étais toi, je l'acquerrais.
411	It's a nice day, isn't it?	Belle journée, n'est-ce pas ?
412	Tom is a stay-at-home dad.	Tom est père au foyer.
413	Add 5 and 2, and you get 7.	Cinq plus deux égalent sept.
414	I have time, so I'll do it.	J'ai du temps, donc je le ferai.
415	I'm a good-for-nothing bum.	Je suis un clochard bon à rien.
416	I'm sorry, I can't do that.	Je suis désolé, je ne peux pas faire ça.
417	I'm sorry, I can't do that.	Désolée, je ne peux pas faire ça.
418	I'm sorry, I can't do this.	Désolé, je ne peux pas faire ça.
419	If I can do it, so can you.	Si je sais le faire, toi aussi.
420	If I can do it, so can you.	Si je sais le faire, vous aussi.
421	If I were you, I'd ask him.	Si j'étais toi, je lui demanderais.
422	If I were you, I'd ask him.	Si j'étais vous, je lui demanderais.
423	If I were you, I'd do that.	Si j'étais toi, je ferais ça.
424	My brother-in-law is a cop.	Mon beau-frère est flic.
425	Tom will go, too, won't he?	Tom ira aussi, n'est-ce pas ?
426	Come on, Tom. Let's go home.	Allez, Tom. Rentrons.
427	Come on, Tom. Let's go home.	Allez, Tom. Rentrons à la maison.
428	He's kind of cute, isn't he?	Il est assez mignon, n'est-ce pas ?
429	He's kind of cute, isn't he?	Il est assez mignon, non ?
430	He's kind of cute, isn't he?	Il est mignon, dans son genre, non ?
431	I don't know if I can do it.	Je ne sais pas si je peux le faire.
432	I don't know if I can do it.	J'ignore si je peux le faire.
433	I don't know, nor do I care.	Je l'ignore, et je m'en fiche.
434	"I ran so I would be on time."""	Je courus, afin d'être à l'heure.
435	I want to help, but I can't.	Je veux aider mais je ne peux pas.
436	I was tired, so I didn't go.	J'étais fatiguée, donc je n'y suis pas allé.
437	I was tired, so I didn't go.	J'étais fatigué, donc je n'y suis pas allé.
438	I'm sorry, I can't help you.	Je suis désolé de ne pas pouvoir t'aider.
439	I'm sorry, I can't help you.	Je suis désolée de ne pas pouvoir t'aider.
440	I'm sorry, I can't help you.	Je suis désolé, je ne peux pas t'aider.
441	I'm very sorry, but I can't.	Je regrette beaucoup, mais je ne peux pas.
442	Oh, no! My house is on fire!	Oh, non ! Ma maison est en feu !
443	Don't act like a know-it-all.	N'agis pas en Monsieur Je-sais-tout !
444	Don't act like a know-it-all.	N'agissez pas en Monsieur Je-sais-tout !
445	Don't act like a know-it-all.	N'agis pas en Madame Je-sais-tout !
446	Don't act like a know-it-all.	N'agissez pas en Madame Je-sais-tout !
447	"Don't worry. We're safe here."""	Ne vous en faites pas ! Nous sommes en sécurité, ici.
448	Have a cup of tea, won't you?	Vous prendrez bien une tasse de thé ?
449	I am a student, but he isn't.	Je suis étudiant, mais lui, non.
450	I can't go, nor do I want to.	Je ne peux pas y aller, ni ne le veux.
451	I can't go, nor do I want to.	Je ne peux ni ne veux m'en aller.
452	I'd like to help, but I can't.	J'aimerais aider, mais je ne peux pas.
453	If you want me to go, I'll go.	Si tu veux que j'y aille, j'irai.
454	If you want me to go, I'll go.	Si vous voulez que j'y aille, j'irai.
455	Were you with my father today?,Étais-tu avec mon père	"aujourd'hui ?"""
456	Were you with my father today?,Étiez-vous avec mon père	"aujourd'hui ?"""
457	I don't know how, but I did it.	J'ignore comment mais je l'ai fait.
458	I'm glad to meet you, too, Tom.	Je suis aussi ravi de te rencontrer, Tom.
459	I'm sorry, I don't mean to pry.	Je suis désolé, je ne veux pas m'immiscer.
460	I'm sorry, I don't mean to pry.	Je suis désolée, je ne veux pas m'immiscer.
461	If I could, I'd do that again.	Si je pouvais, je le referais.
462	If I weren't broke, I'd buy it.	Si je n'étais pas fauché, je l'achèterais.
463	If you'd kiss me, I'd be happy.	Si tu m'embrassais, je serais heureux.
464	If you'd kiss me, I'd be happy.	Si vous m'embrassiez, je serais heureux.
465	If you'd kiss me, I'd be happy.	Si vous m'embrassiez, je serais heureuse.
466	If you'd kiss me, I'd be happy.	Si tu m'embrassais, je serais heureuse.
467	As far as I know, he isn't lazy.	Pour autant que je sache, il n'est pas fainéant.
468	As far as I know, he won't come.	Pour autant que je sache, il ne viendra pas.
469	Don't worry. I'm not mad at you.	Ne t'inquiète pas. Je ne suis pas en colère contre toi.
470	I don't care if it's a bit cold.	Je m'en fiche s'il fait un peu froid.
471	I hear you, but I don't see you.	Je t'entends mais je ne te vois pas.
472	I may be old, but I'm not crazy.	Je suis peut-être vieux, mais pas fou.
473	I may be old, but I'm not crazy.	Je suis peut-être vieille, mais pas folle.
474	I'll get fired if I don't do it.	Je vais me faire virer si je ne le fais pas.
475	I'm sorry, Tom, I can't do that.	Je suis désolée, Tom, je ne peux pas faire ça.
476	I'm sorry, but I can't help you.	Je suis désolé mais je ne peux pas t'aider.
477	I'm sorry, but I can't help you.	Je suis désolée mais je ne peux pas vous aider.
478	I'm tired. It's been a long day.	Je suis fatigué. Ça a été une longue journée.
479	If I were you, I wouldn't do it.	Si j'étais toi, je ne le ferais pas.
480	If I were you, I wouldn't do it.	Si j'étais vous, je ne le ferais pas.
481	If I were you, I'd buy that one.	Si j'étais toi, j'achèterais celui-là.
482	If I were you, I'd buy that one.	Si j'étais toi, j'achèterais celui-ci.
483	If I were you, I'd buy that one.	Si j'étais vous, j'achèterais celui-là.
484	If I were you, I'd buy that one.	Si j'étais vous, j'achèterais celui-ci.
485	If it ain't broke, don't fix it.	Lorsque ce n'est pas cassé, il ne faut pas le réparer !
486	If it ain't broke, don't fix it.	On ne change pas une équipe qui gagne.
487	My pen is old. I want a new one.	Mon stylo est vieux. J'en veux un nouveau.
488	Don't do that. It's not your job.	Ne faites pas ça ! Ce n'est pas votre boulot.
489	Don't do that. It's not your job.	Ne fais pas ça ! Ce n'est pas ton boulot.
490	Go away. I don't want to see you.	Va-t'en ! Je ne veux pas te voir.
491	Go away. I don't want to see you.	Allez-vous en ! Je ne veux pas vous voir.
492	He is, indeed, a man of his word.	C'est vraiment un homme de parole.
493	"He said, I want to be a doctor."""	Il Il a dit : « Je veux devenir médecin. »
494	I didn't say it wasn't OK to eat.	Je n'ai pas dit que c'était mal de manger.
495	I don't feel like I'm old at all.	Je n'ai pas l'impression d'être vieux.
496	I don't feel like I'm old at all.	Je ne me sens pas du tout vieille.
497	I don't feel like I'm old at all.	Je ne me sens pas vieux du tout.
498	I don't know how, but you did it.	J'ignore comment, mais vous l'avez fait.
499	I don't know how, but you did it.	J'ignore comment, mais tu l'as fait.
500	I'd like to do that, but I can't.	J'aimerais faire ça mais je ne peux pas.
501	If you don't go, I won't, either.	Si tu n'y vas pas, je n'irai pas moi non plus.
502	If you don't go, I won't, either.	Si vous n'y allez pas, moi non plus.
503	Ouch!! I've been stung by a bee!!	Aïe !! J'ai été piqué par une abeille !!
504	As far as I know, he's a nice guy.	Pour autant que je sache, c'est un chic type.
505	I can't go now. I have work to do.	Je ne peux pas m'y rendre pour le moment. J'ai du travail à faire.
506	I'm not as rich as I'd like to be.	Je ne suis pas aussi riche que je le voudrais.
507	I'm not as rich as I'd like to be.	Je ne suis pas aussi riche que je le souhaiterais.
508	I'm not rich, nor do I wish to be.	Je ne suis pas riche, et ne souhaite pas l'être.
509	If you don't want it, I'll eat it.	Si tu n'en veux pas, je le mangerai.
510	If you don't want it, I'll eat it.	Si vous n'en voulez pas, je le mangerai.
511	It's a bit warm in here, isn't it?	Il fait un peu chaud ici, non ?
512	That's it. I've done all I can do.	Ça y est. J'ai fait tout ce que je peux.
513	I am not rich, nor do I wish to be.	Je ne suis pas riche, et ne souhaite pas l'être.
514	I'm sorry, but I can't go with you.	Désolé, mais je ne peux pas venir avec vous.
515	If I don't do it now, I never will.	Si je ne le fais pas maintenant, je ne le ferai jamais.
516	If I'd known it, I'd have told you.	Si je l'avais su, je vous l'aurais dit.
517	If I'd known it, I'd have told you.	Si je l'avais su, je te l'aurais dit.
518	If I'd known it, I'd have told you.	L'aurais-je su, je te l'aurais dit.
519	If I'd known it, I'd have told you.	L'aurais-je su, je vous l'aurais dit.
520	If you don't go, I won't go either.	Si tu n'y vas pas, je n'irais pas non plus.
521	"Are you sad? No. Why would I be?"""	« Es-tu triste ? » « Non, pourquoi le serais-je ? »
522	"Are you sad? No. Why would I be?"""	« Êtes-vous triste ? » « Non, pourquoi le serais-je ? »
523	Don't give it to him. Give it to me.	Ne le lui donne pas. Donne-le-moi.
524	Don't give it to him. Give it to me.	Ne le lui donnez pas. Donnez-le-moi.
525	"I aim to be a doctor when I grow up."""	Je prévois d'être médecin, lorsque je deviendrai grande.
526	I can hear you, but I can't see you.	Je t'entends mais je ne peux pas te voir.
527	"I need a new broom. This one's shot."""	J'ai besoin d'un nouveau balai, celui-ci est foutu.
528	I want to have a part-time job, too.	Je veux aussi avoir un emploi à temps partiel.
529	I want to have a part-time job, too.	Je veux également avoir un emploi à temps partiel.
530	I wish I could do that, but I can't.	J'aimerais bien pouvoir faire ça, mais je ne peux pas.
531	I'll be out of town for a day or so.	Je vais m'absenter un jour ou deux.
532	If I don't do it, it won't get done.	Si je ne le fais pas, cela ne sera pas fait.
533	If I told you, I'd have to kill you.	Si je te le disais, je devrais te tuer.
534	If I told you, I'd have to kill you.	Si je vous le disais, je devrais vous tuer.
535	If you don't want me to go, I won't.	Si tu ne veux pas que j'y aille, je n'irai pas.
536	It's OK with me if it's OK with you.	Ça me va si ça te va.
537	It's OK with me if it's OK with you.	Ça me va si ça vous va.
538	It's all over for me. I lost my job.	Tout est fini pour moi. J'ai perdu mon travail.
539	This is a once-in-a-lifetime chance.	C'est l'occasion d'une vie.
540	This is a once-in-a-lifetime chance.	C'est une chance unique dans la vie.
541	We didn't want to go, but we had to.	Nous ne voulions pas, mais nous avons dû y aller.
542	When I grow up, I want to be a king.	Lorsque je serai grand, je veux être roi.
543	You don't have a lot to say, do you?	Vous n'avez pas grand-chose à dire, non ?
544	You don't have a lot to say, do you?	Tu n'as pas grand-chose à dire, non ?
545	You don't think I can do it, do you?	Tu ne penses pas que je puisse le faire, n'est-ce pas ?
546	You don't think I can do it, do you?	Vous ne pensez que je puisse le faire, n'est-ce pas ?
547	As far as I know, she is a kind girl.	D'après ce que je sais c'est une gentille fille.
548	As soon as I got home, I went to bed.	Dès que je fus à la maison, j'allai au lit.
549	Hi, my name is Tom. What's your name?	Salut, je suis Tom. Quel est ton nom?
550	I'd like to go with you, but I can't.	J'aimerais y aller avec toi mais je ne peux pas.
551	I'd like to go with you, but I can't.	J'aimerais y aller avec vous mais je ne peux pas.
552	Hurry up! If you don't, we'll be late.	Dépêchons-nous ! Nous allons être en retard.
553	I don't see a horse, but I see a wolf.	Je ne vois pas de cheval mais je vois un loup.
554	I have a coat, but I don't have a hat.	J'ai un manteau, mais je n'ai pas de chapeau.
555	If I knew what to do, I'd be doing it.	Si je savais quoi faire, je le ferais.
556	I don't care how you do it. Just do it.	Je me fiche de comment vous le faites. Simplement, faites-le !
557	I don't care how you do it. Just do it.	Je me fiche de comment tu le fais. Simplement, fais-le !
558	I don't have a choice. I have to do it.	Je n'ai pas le choix. Je dois le faire.
559	I don't want to do that, but I have to.	Je n'ai pas envie de le faire, mais je dois le faire.
560	"I'd like to be alone if you don't mind."""	J'aimerais être seul, si tu n'y vois pas d'inconvénient.
561	I'm scared too, so I'm not going to go.	J'ai peur également, donc je ne vais pas m'y rendre.
562	Call 1-800-828-6322 for a free brochure.	Appelez le 1-800-828-6322 pour une brochure gratuite.
563	He doesn't want me to go, but I mean to.	Il ne veut pas que je parte, mais j'en ai l'intention.
564	He's got a boy-next-door look about him.	Il a un air de garçon d'à coté.
565	I don't do that as often as I'd like to.	Je ne fais pas ça aussi souvent que je le voudrais.
566	I don't know if I'll have time to do it.	Je ne sais pas si j'aurai le temps de le faire.
567	I don't know, but I'm going to find out.	Je l'ignore mais je vais le découvrir.
568	I have to lose weight, so I'm on a diet.	Je dois perdre du poids alors je suis au régime.
569	I told you not to call me Tom, didn't I?	Je t'ai dit de ne pas m'appeler Tom, non ?
570	I told you not to call me Tom, didn't I?	Je vous ai dit de ne pas m'appeler Tom, n'est-ce pas ?
571	I'm at work now, so I'll call you later.	Je suis au travail maintenant, aussi je vous appellerai plus tard.
572	I'm in a hurry, so I'll make this quick.	Je suis pressé, alors je vais faire vite.
573	I'm so sorry. I didn't mean to kick you.	Je suis vraiment désolé. Je n'avais pas l'intention de vous donner un coup de pied.
574	I'm tired of working a nine-to-five job.	Je suis fatigué d'avoir des horaires de travail neuf heures-cinq heures.
575	If I won the lottery, I'd buy you a car.	Si je gagnais au loto, je t'achèterais une voiture.
576	If you tell Tom what to do, he'll do it.	Si tu dis à Tom ce qu'il faut faire, il le fera.
577	If you want me to, I'll do that for you.	Si tu veux que je le fasse, je le ferai pour toi.
578	If you want me to, I'll do that for you.	Si vous voulez que je le fasse, je le ferai pour vous.
579	My bag is too old. I must buy a new one.	Mon sac est trop vieux. Je dois en acheter un neuf.
580	Well, if you didn't do it, then who did?	Eh bien, si tu ne l'as pas fait, alors qui l'a fait ?
581	Well, if you didn't do it, then who did?	Eh bien, si vous ne l'avez pas fait, alors qui l'a fait ?
582	Daddy, let's see if you can out-stare me.	Papa, voyons si tu peux soutenir mon regard plus longtemps que moi.
583	Do you go by bus, by train, or by subway?	Y allez-vous en bus, en train ou en métro ?
584	Every time I go to see him, he is in bed.	À chaque fois que je vais le voir, il est dans son lit.
585	I can't do it alone. You have to help me.	Je ne peux le faire seul. Il vous faut m'aider.
586	I can't do it alone. You have to help me.	Je ne peux le faire seule. Il vous faut m'aider.
587	I can't do it alone. You have to help me.	Je ne peux le faire seul. Il te faut m'aider.
588	I can't do it alone. You have to help me.	Je ne peux le faire seule. Il te faut m'aider.
589	I don't get home as often as I'd like to.	Je ne rentre pas aussi souvent que je l'aimerais.
590	I don't have enough money, so I can't go.	Je n'ai pas assez d'argent donc je ne peux pas y aller.
591	I don't know why they do it, but they do.	Je ne sais pas pourquoi ils le font, mais ils le font.
592	I don't need you to tell me how to do it.	Je n'ai pas besoin que tu me dises comment le faire.
593	I don't need you to tell me how to do it.	Je n'ai pas besoin que vous me disiez comment faire.
594	I'd be lying if I said I didn't like Tom.	Je mentirais si je disais que je n'aimais pas Tom.
595	I'd buy a larger TV if I had room for it.	J'achèterais une télévision plus grande si j'avais de la place pour.
596	I'm going for a run. Do you want to come?	Je vais courir. Tu veux venir ?
597	I'm going for a run. Do you want to come?	Je vais courir. Voulez-vous venir ?
598	I'm sorry, I don't know what else to say.	Je suis désolée, je ne sais pas quoi dire d'autre.
599	I'm sorry, I don't know what else to say.	Désolé, je ne sais pas quoi dire d'autre.
600	If I don't do that now, I'll never do it.	Si je ne le fais pas maintenant, je ne le ferai jamais.
601	I don't want to buy it if I don't need it.	Je ne veux pas l'acheter si je n'en ai pas besoin.
602	I'd like to give you the key, but I can't.	J'aimerais te donner la clé, mais je ne peux pas.
603	I'd like to give you the key, but I can't.	J'aimerais vous donner la clé, mais je ne peux pas.
604	It's not a good car, but it's still a car.	Ce n'est pas une bonne voiture mais c'est toujours une voiture.
605	"Won't you come with us? I'd be glad to."""	« Tu ne veux pas venir avec nous ? » « Si, avec plaisir. »
606	I don't want to go if you don't go with me.	Je ne veux pas y aller si tu n'y vas pas avec moi.
607	I don't want to go if you don't go with me.	Je ne veux pas y aller si tu ne viens pas avec moi.
608	I'd like to help Tom, but I don't know how.	J'aimerais aider Tom, mais je ne sais pas comment.
609	I've got a job and I don't want to lose it.	J'ai un boulot et ne veux pas le perdre.
610	If you don't want to go, you don't have to.	Si tu ne veux pas y aller, tu n'y es pas obligé.
611	If you don't want to go, you don't have to.	Si tu ne veux pas y aller, tu n'y es pas obligée.
612	If you don't want to go, you don't have to.	Si vous ne voulez pas y aller, vous n'y êtes pas obligé.
613	If you don't want to go, you don't have to.	Si vous ne voulez pas y aller, vous n'y êtes pas obligée.
614	If you don't want to go, you don't have to.	Si vous ne voulez pas y aller, vous n'y êtes pas obligés.
615	If you don't want to go, you don't have to.	Si vous ne voulez pas y aller, vous n'y êtes pas obligées.
616	It's the story of a boy, a girl, and a cat.	C'est l'histoire d'un garçon, d'une fille et d'un chat.
617	"Coffee? Is it instant?"" ""Yes."" ""Then no."""	« Café ? » « Instantané ? » « Oui. » « Alors, non. »
618	Don't let go of my hand, or you'll get lost.	Ne lâche pas ma main, ou tu vas te perdre.
619	I don't know how you did it, but you did it.	Je ne sais pas comment vous l'avez fait mais vous l'avez fait.
620	I don't know how you did it, but you did it.	Je ne sais pas comment tu l'as fait mais tu l'as fait.
621	I lost my watch, so I have to buy a new one.	J'ai perdu ma montre, donc je dois en acheter une nouvelle.
622	I plan to go. I don't care if you do or not.	Je prévois de m'y rendre. Je me fiche que tu y ailles ou pas.
623	I plan to go. I don't care if you do or not.	Je prévois d'y aller. Ça m'est égal que vous y alliez aussi ou pas.
624	I'll be OK as long as I stay awake, won't I?	Ça ira tant que je reste debout, non ?
625	If I won the lottery, I'd buy you a new car.	Si je gagnais à la loterie, je t'achèterais une nouvelle voiture.
626	Let's do this again. It's been a lot of fun.	Refaisons-le. C'était très marrant.
627	Shut up. If you don't, you'll be thrown out.	Ferme-la. Sinon, tu seras viré.
628	Shut up. If you don't, you'll be thrown out.	Fermez-la. Sinon, vous serez viré.
629	Shut up. If you don't, you'll be thrown out.	Fermez-la. Sinon, vous serez virés.
630	Shut up. If you don't, you'll be thrown out.	Fermez-la. Sinon, vous serez virée.
631	Shut up. If you don't, you'll be thrown out.	Fermez-la. Sinon, vous serez virées.
632	Shut up. If you don't, you'll be thrown out.	Ferme-la. Sinon, tu seras virée.
633	As soon as I have it, I'll forward it to you.	Dès que j'en dispose, je vous le transmets.
634	As soon as I have it, I'll forward it to you.	Dès que j'en dispose, je te le transmets.
635	Can I take my shirt off? It's so hot in here.	Puis-je retirer ma chemise ? Il fait si chaud là-dedans.
636	Don't do the crime, if you can't do the time.	Ne commets pas le crime si tu ne peux pas purger la peine.
637	Don't do the crime, if you can't do the time.	Ne commettez pas le crime si vous ne pouvez pas purger la peine.
638	He'll be sure to smell a rat if I'm with you.	Il aura sûrement la puce à l'oreille si je suis avec toi.
639	I am tired of the day-to-day routine of life.	Je suis fatigué de la routine quotidienne de la vie.
640	I think it's time for me to buy my son a car.	Je pense qu'il est temps pour moi d'acheter une voiture à mon fils.
641	I think it's time for me to buy my son a car.	Je pense qu'il est temps pour moi d'acheter une voiture pour mon fils.
642	I used to do that, but I don't do it anymore.	Je le faisais mais je ne le fais plus.
643	I used to do that, but I don't do it anymore.	Je faisais ça avant, mais plus maintenant.
644	I want a car, but I have no money to buy one.	Je veux une voiture mais je n'ai pas d'argent pour l'acheter.
645	I'm sorry for what I said. I was out of line.	Je suis désolé d'avoir dit ce que j'ai dit. J'ai dérapé.
646	I'm sorry for what I said. I was out of line.	Je suis désolée d'avoir dit ce que j'ai dit. J'ai dérapé.
647	I'm sorry, but I didn't know it was a secret.	Pardonnez-moi, mais j'ignorais que c'était un secret.
648	If he's still alive, he'd be very old by now.	S'il était encore vivant, il serait très vieux à l'heure qu'il est.
649	If we're going to do this, let's do it right.	Si nous allons faire cela, faisons-le correctement.
650	I don't care who pays, as long as it isn't me.	Je me fiche de savoir qui paie, du moment que ce n'est pas moi.
651	I'm sorry, I don't let in people I don't know.	Je suis désolé, je n'admets pas les gens que je ne connais pas.
652	If you don't want to do it, you don't have to.	Si tu ne veux pas le faire, tu n'y es pas obligé.
653	If you don't want to do it, you don't have to.	Si vous ne voulez pas le faire, vous n'y êtes pas obligé.
654	If you don't want to do it, you don't have to.	Si tu ne veux pas le faire, tu n'y es pas obligée.
655	If you don't want to do it, you don't have to.	Si vous ne voulez pas le faire, vous n'y êtes pas obligés.
656	If you don't want to do it, you don't have to.	Si vous ne voulez pas le faire, vous n'y êtes pas obligée.
657	If you don't want to do it, you don't have to.	Si vous ne voulez pas le faire, vous n'y êtes pas obligées.
658	I'm sorry, I don't buzz in people I don't know.	Je suis désolé, je n'admets pas les gens que je ne connais pas.
659	I'm sorry, I don't buzz in people I don't know.	Désolé, je ne laisse pas entrer les gens que je ne connais pas.
660	Tom, I'm in trouble. I need you to come get me.	Tom, je suis dans le pétrin. Je veux que tu viennes me chercher.
661	When I got home, I had a nice, ice-cold shower.	Lorsque je suis rentré chez moi, j'ai pris une bonne douche glacée.
662	When I got home, I had a nice, ice-cold shower.	Lorsque je suis rentrée chez moi, j'ai pris une bonne douche glacée.
663	A nice day, isn't it? Why not go out for a walk?	Une belle journée, n'est-ce pas ? Pourquoi ne pas sortir faire une balade ?
664	From now on, I'm going to say what's on my mind.	Désormais, je vais dire ce que je pense.
665	He's a man of his word, so you can count on him.	C'est un homme de parole, alors vous pouvez compter sur lui.
666	I don't care if you go or not. I'm going anyway.	Je me fiche que tu y ailles ou pas. J'y vais de toutes façons.
667	I don't care if you go or not. I'm going anyway.	Je me fiche que vous y alliez ou pas. J'y vais de toutes façons.
668	I'm sorry that I can't be who you want me to be.	Je suis désolé de ne pouvoir être celui que tu voudrais que je sois.
669	I'm sorry that I can't be who you want me to be.	Je suis désolée de ne pouvoir être celle que tu voudrais que je sois.
670	I've changed. I'm not the same man I used to be.	J'ai changé. Je ne suis plus l'homme que j'étais.
671	Since it's nice out, I'd like to go take a walk.	Comme il fait beau, j'ai envie d'aller me promener.
672	Since it's nice out, I'd like to go take a walk.	Comme il fait beau dehors, j'aimerais aller faire une promenade.
673	As soon as I get to London, I'll drop you a line.	Aussitôt que j'arrive à Londres, je te laisserai un mot.
674	I don't have to do that if I don't want to, do I?	Je n'ai pas à faire cela si je ne le veux pas, si ?
675	I miss you. I need to see you. Could I come over?	Tu me manques. J'ai besoin de te voir. Puis-je venir ?
676	I'm sorry, but I can't find the book you lent me.	Je suis désolé mais je n'arrive pas à trouver le livre que tu m'as prêté.
677	If you buy me an ice cream, I'll give you a kiss.	Si tu me paies une glace, je te donnerai un baiser.
678	If you don't like this, you don't have to eat it.	Si tu n'aimes pas ça, tu n'es pas obligé de le manger.
679	If you don't like this, you don't have to eat it.	Si vous n'aimez pas ça, vous n'êtes pas obligés de le manger.
680	In case I am late, you don't have to wait for me.	Au cas où je serais en retard, vous n'avez pas besoin de m'attendre.
681	In case I am late, you don't have to wait for me.	Au cas où je serais en retard, tu n'as pas besoin de m'attendre.
682	To tell the truth, I'm not in favor of it at all.	À dire vrai, je n'approuve pas du tout.
683	Yes, it's true, but he doesn't need to know that.	Oui, c'est vrai, mais il n'a pas besoin de le savoir.
684	I am not sure, but I think I want to be a teacher.	Je ne suis pas sûr, mais je pense vouloir être enseignant.
685	I don't care why Tom did it. I'm just glad he did.	Ça m'est égal de savoir pourquoi Tom l'a fait. Mais je suis bien content qu'il l'ait fait.
686	I don't know if we're going to be able to do that.	Je ne sais pas si on va pouvoir faire ça.
687	I hope he'll be able to come! I'd like to see him.	Pourvu qu'il puisse venir ! J'aimerais le voir.
688	I told her not to let go of the rope, but she did.	Je lui ai dit de ne pas lâcher la corde, mais c'est ce qu'elle a fait.
689	I wish I could go with you, but as it is, I can't.	Je voudrais pouvoir partir avec toi, mais tel que c'est, je ne peux pas.
690	You don't need to thank me. I'm here to serve you.	Il ne vous est point nécessaire de me remercier. Je suis ici pour vous servir.
691	You don't need to thank me. I'm here to serve you.	Tu n'as pas besoin de me remercier. Je suis là pour te servir.
692	A few days ago, you didn't even want to talk to me.	Il y a quelques jours, tu ne voulais même pas m'adresser la parole.
693	For me, being a doctor isn't a job, it's a calling.	Pour moi, être médecin n'est pas un emploi, c'est une vocation.
694	He said he would give me a call, but he hasn't yet.	Il a dit qu'il m'appellerait mais il ne l'a pas encore fait.
695	I could tell you that I love you, but I'd be lying.	Je pourrais te dire que je t'aime, mais je mentirais.
696	I didn't use to like wine, but now I like it a lot.	Je n'aimais pas le vin, mais maintenant j'aime beaucoup.
697	I don't know if I can make it to your party or not.	J'ignore si je peux assister à votre fête ou pas.
698	I don't know if I can make it to your party or not.	J'ignore si je peux assister ou pas à votre fête.
699	I don't know if I'll be able to help you on Monday.	Je ne sais pas si je serai en mesure de vous aider, lundi.
700	I'm sure if you put your mind to it, you can do it.	Je suis certain que si vous y consacrez votre esprit, vous pouvez le faire.
701	I've got no place to go, so I'm going to stay here.	Je n'ai nulle part où aller alors je vais rester ici.
702	What! This T-shirt is 3,000 yen? This is a rip-off!	Quoi ? Ce T-shirt coûte 3000 yens ? C'est une arnaque !
703	I don't have a lot of time. Can you take care of it?	Je n'ai pas beaucoup de temps. Est-ce que tu peux t'en occuper ?
704	If you don't mind, I'd like to be alone for a while.	Si vous n'y voyez pas d'inconvénient, j'aimerais être seul un moment.
705	If you don't mind, I'd like to be alone for a while.	Si vous n'y voyez pas d'inconvénient, j'aimerais être seule un moment.
706	If you don't mind, I'd like to be alone for a while.	Si tu n'y vois pas d'inconvénient, j'aimerais être seul un moment.
707	If you don't mind, I'd like to be alone for a while.	Si tu n'y vois pas d'inconvénient, j'aimerais être seule un moment.
708	It's not that I don't want to go, I can't afford to.	Ce n'est pas que je ne veux pas y aller, c'est que je ne peux pas me le permettre.
709	I don't care why Tom did it. I'm just glad he did it.	Ça m'est égal de savoir pourquoi Tom l'a fait. Mais je suis bien content qu'il l'ait fait.
710	If you need my advice, I'd be glad to give it to you.	Si vous aviez besoin de mes conseils, je serais ravi de vous les apporter.
711	If you need my advice, I'd be glad to give it to you.	Si tu avais besoin de mes conseils, je serais ravi de te les apporter.
712	If you're wrong, admit it. If you're right, be quiet.	Si tu as tort, admets-le. Si tu as raison, sois calme.
713	If you're wrong, admit it. If you're right, be quiet.	Si vous avez tort, admettez-le. Si vous avez raison, soyez calme.
714	If you've got a problem, I'd like to know what it is.	Si tu as un problème, j'aimerais savoir ce que c'est.
715	If you've got a problem, I'd like to know what it is.	Si vous avez un problème, j'aimerais savoir ce dont il s'agit.
716	It's a nice day, isn't it? Why not go out for a walk?	C'est une bonne journée, n'est-ce pas ? Pourquoi ne pas sortir faire une marche ?
717	Mommy, if I don't like the food, do I have to eat it?	Maman, si je n'aime pas la nourriture, suis-je obligé de la manger ?
718	"Don't wait for me. I wasn't going to wait for you."""	« Ne m'attends pas. » « Je n'allais pas t'attendre. »
719	I can see you're busy, so I'll get right to the point.	Je peux voir que vous êtes occupé donc je vais aller droit au but.
720	I can't afford to buy a used car, much less a new one.	Je ne peux pas me permettre d'acheter une voiture d'occasion, et encore moins une nouvelle.
721	I don't do that now, but I used to when I was younger.	Je ne fais plus ça maintenant, mais je le faisais quand j'étais plus jeune.
722	I don't want to be rich. I just don't want to be poor.	Je ne veux pas être riche. Je ne veux juste pas être pauvre.
723	I told my mom I was gay and it didn't faze her at all.	J'ai dit à ma mère que j'étais homo et ça ne l'a pas démontée le moins du monde.
724	If you don't want to give a speech, you don't have to.	Si tu ne veux pas prononcer de discours, ne te sens pas obligé.
725	If you don't want to give a speech, you don't have to.	Si tu ne veux pas prononcer de discours, ne te sens pas obligée.
726	If you want me to help you, all you have to do is ask.	Si tu veux que je t'aide, tout ce que tu as à faire est de demander.
727	If you want me to help you, all you have to do is ask.	Si tu veux que je vous aide, tout ce que tu as à faire est de demander.
728	If you want me to help you, all you have to do is ask.	Si vous voulez que je vous aide, tout ce que vous avez à faire est de demander.
729	If you want me to kiss you, all you have to do is ask.	Si tu veux que je t'embrasse, tout ce que tu as à faire est de demander.
730	If you want me to kiss you, all you have to do is ask.	Si vous voulez que je vous embrasse, tout ce que vous avez à faire est de demander.
731	Much as I'd like to come, I'm afraid I'll be too busy.	J'aimerais vraiment venir mais je crains de n'être trop occupé.
732	As soon as I can get the chance, I'll come for a visit.	Dès que j'en ai l'occasion, je viendrai rendre visite.
733	As soon as I find it, I'll bring it over to your place.	Dès que je mets la main dessus, je te l'apporte à ton domicile.
734	Even if she comes to see me, tell her I am not at home.	Même si elle devait passer, dis-lui que je ne suis pas à la maison.
735	I don't have to be here. I'm here because I want to be.	Il ne me faut pas être ici. J'y suis parce que je le veux.
736	I know you're busy, but can I talk to you for a minute?	Je sais que tu es occupé, mais est-ce que je peux te parler une minute ?
737	I know you're busy, but can I talk to you for a minute?	Je sais que tu es occupée, mais est-ce que je peux te parler une minute ?
738	I know you're busy, but can I talk to you for a minute?	Je sais que vous êtes occupé, mais est-ce que je peux vous parler une minute ?
739	I know you're busy, but can I talk to you for a minute?	Je sais que vous êtes occupés, mais est-ce que je peux vous parler une minute ?
740	I know you're busy, but can I talk to you for a minute?	Je sais que vous êtes occupée, mais est-ce que je peux vous parler une minute ?
741	I know you're busy, but can I talk to you for a minute?	Je sais que vous êtes occupées, mais est-ce que je peux vous parler une minute ?
742	I ordered way too much. I don't think I can eat it all.	J'ai commandé beaucoup trop. Je ne pense pas pouvoir tout manger.
743	I started a new blog. I'll do my best to keep it going.	J'ai commencé un nouveau bloc-notes. Je vais faire de mon mieux pour le faire vivre.
744	I'm a woman and I don't think that it's strange at all.	Je suis une femme et je ne pense pas du tout que c'est étrange.
745	If it's all right with you, I'll go home early today.	Si ça va pour toi, je vais rentrer à la maison plus tôt aujourd'hui.
746	In 1939, as in 1914, the world was on the brink of war.	En 1939, comme en 1914, le monde était au bord de la guerre.
747	Once a bad habit is formed, it's hard to get rid of it.	Une fois qu'une mauvaise habitude s'est installée, il est dur de s'en débarrasser.
748	"Please drop it in the mail if it's not out of your way."""	S'il te plaît, dépose le au courrier si ça ne te t'éloigne pas de ton chemin.
749	The number is 932-8647, but I don't know the area code.	Le numéro est 932-86-47, mais je ne connais pas l'indicatif régional.
750	Even though there was a no U-turn sign, I made a U-turn.	Même s'il y avait un panneau indiquant qu'il ne fallait pas faire demi-tour, j'en ai fait un.
751	He doesn't want to talk to me now, and I don't know why.	Il ne veut pas me parler, maintenant, et je ne sais pas pourquoi.
752	I don't think I'll be able to do what you want me to do.	Je ne pense pas que je serai capable de faire ce que tu veux que je fasse.
753	I'd love to go with you to the show, but I'm flat broke.	J'adorerais aller avec toi à la revue, mais je suis complètement fauché.
754	If you don't have this key, you won't be able to get in.	Si vous n'avez pas cette clé, vous ne serez dans l'incapacité d'entrer.
755	If you don't have this key, you won't be able to get in.	Si tu n'as pas cette clé, tu ne pourras pas entrer.
756	This year, the winter is mild, isn't it? It's very nice.	Cette année, l'hiver est doux, n'est-ce-pas ? C'est très agréable.
757	Tom's not much of a cook, but at least he gives it a go.	Tom ne cuisine pas très bien, mais au moins il essaye.
758	I don't know about the others, but as for me, I'm for it.	Je ne sais pas pour les autres, mais pour ce qui me concerne, je suis pour.
759	I don't know about the others, but as for me, I'm for it.	Je ne sais pas pour les autres, mais quant à moi, je suis pour.
760	I don't know about the others, but as for me, I'm for it.	Je ne sais pas pour les autres, mais en ce qui me concerne, je suis pour.
761	I wake up at six, but I don't get out of bed until seven.	Je me réveille à six heures, mais je ne me lève pas avant sept heures.
762	I wake up at six, but I don't get out of bed until seven.	Je me réveille à six heures, mais je ne sors pas du lit avant sept heures.
763	I'd like to be left alone for a while, if you don't mind.	J'aimerais que l'on me laisse seul un moment, si vous n'y voyez pas d'inconvénient.
764	If I had a dime for every time I heard that, I'd be rich.	Si j'avais reçu une pièce à chaque fois que j'ai entendu ça, je serais riche.
765	If you don't want to go to that party, you don't have to.	Si tu ne veux pas te rendre à la fête, tu n'y es pas obligé.
766	It's too far to walk to the station, so let's take a bus.	C'est trop loin pour aller à pied à la gare, aussi prenons l'autobus.
767	She doesn't want to talk to me now, and I don't know why.	Elle ne veut pas me parler, maintenant, et je ne sais pas pourquoi.
768	The hinges are really squeaky. Could you oil them please?,Les gonds grincent vraiment. Peux-tu les huiler	"s'il te plait ?"""
769	"When did you buy it? Let's see. I bought it last week."""	« Quand l'as-tu acheté ? » « Voyons voir... La semaine dernière. »
770	He is a man of his word, so if he said he'd help, he will.	C'est un homme de parole, donc s'il a dit qu'il aiderait, il le fera.
771	If I were rich, I would do so. As it is, I can do nothing.	Si j'étais riche, je le ferais. Au point où j'en suis, je ne peux rien faire.
772	Tom is not a lazy boy. As a matter of fact, he works hard.	Tom n'est pas paresseux. En fait, il travaille dur.
773	He's not lazy. On the contrary, I think he's a hard worker.	Il n'est pas fainéant. Au contraire, je crois que c'est un grand bosseur.
774	I can't tell you who's on the list. My boss told me not to.	Je ne peux pas vous dire qui est sur la liste. Mon patron m'a dit de ne pas le dire.
775	I don't care how much it costs. I'm going to buy it anyway.	Je me moque de combien cela coûte, je vais l'acheter de toute manière.
776	I don't want to have kids, and I don't want to get married.	Je ne veux pas avoir d'enfants ni me marier.
777	I'd like to stay and chat, but I've got a meeting to go to.	J'aimerais rester et discuter, mais je dois aller à une réunion.
778	If it's a good day tomorrow, let's go to the river to swim.	S'il fait beau demain, allons nager à la rivière.
779	Let's go to an all-you-can-eat place and have a big dinner.	Allons dans un buffet à volonté et nous faire un gros festin.
780	Tell her you like her. Don't be afraid. She won't bite you.	Dis-lui que tu l'aimes. N'aie pas peur. Elle ne va pas te mordre.
781	"A bird is known by its song and a man by his way of talking."""	Un oiseau est reconnu à son chant, et un homme à ce qu'il dit.
782	Do you want to go out or stay at home? Either is OK with me.	Veux-tu sortir ou rester à la maison ? Les deux me vont.
783	Hello! Fancy meeting you here! It's a small world, isn't it?	Hé ! Je ne m'attendais pas à te rencontrer ici ! Le monde est petit, n'est-ce pas ?
784	Her son is a mama's boy. He has to be with her all the time.	Son fils est un fils à maman. Il la suit partout.
785	I am not sure yet if I will go to a university or get a job.	Je ne suis pas encore sûr si j'irai à l'université ou si je prendrai un emploi.
786	I don't think she'll be happy living with her mother-in-law.	Je ne pense pas qu'elle sera heureuse de vivre avec sa belle-mère.
787	If I had it all to do over again, I wouldn't change a thing.	Si je devais tout recommencer, je ne changerais rien.
788	It's so hot that you could cook an egg on the hood of a car.	Il fait tellement chaud qu'on pourrait faire cuire des œufs sur le capot des voitures.
789	Look, I've had a long day and I want to go to bed right now.	Écoute, j'ai eu une longue journée et je veux aller me coucher maintenant.
790	Tom isn't the one who told me that I didn't need to do that.	Tom n'est pas celui qui m'a dit que je n'avais pas besoin de faire cela.
791	"What's going on in the cave? I'm curious. I have no idea."""	« Qu'est-ce qu'il se passe dans la grotte ? Je suis curieux. » « Je n'en ai aucune idée. »
792	"What's going on in the cave? I'm curious. I have no idea."""	« Qu'est-ce qu'il se passe dans la grotte ? Je me demande vraiment. » « Je n'en ai pas la moindre idée. »
793	I can't tell you his name, but I can tell you where he lives.	Je ne peux pas vous dire son nom, mais je peux vous dire où il vit.
794	I can't tell you his name, but I can tell you where he lives.	Je ne peux pas te dire son nom, mais je peux te dire où il habite.
795	I can't tell you how happy I am that you've come to visit us.	Je ne peux pas te dire combien je suis heureux que tu sois venu nous rendre visite.
796	I can't tell you how happy I am that you've come to visit us.	Je ne peux pas te dire combien je suis heureuse que tu sois venu nous rendre visite.
797	I can't tell you how happy I am that you've come to visit us.	Je ne peux pas te dire combien je suis heureux que tu sois venue nous rendre visite.
798	I can't tell you how happy I am that you've come to visit us.	Je ne peux pas te dire combien je suis heureuse que tu sois venue nous rendre visite.
799	I can't tell you how happy I am that you've come to visit us.	Je ne peux pas vous dire combien je suis heureux que vous soyez venu nous rendre visite.
800	I don't know how I did it. What's important is that I did it.	J'ignore comment je l'ai fait. Ce qui importe est que je l'ai fait.
801	Last summer, I had a chance to go to Boston, but I didn't go.	Au denier été, j'avais une chance d'aller à Boston, mais je n'y suis pas allé.
802	I don't want to rush you, but let's try to catch the next bus.	Je ne voudrais pas te presser, mais essayons de prendre le prochain bus.
803	I had a few hours free, so I sat under a tree and read a book.	Je disposai de quelques heures de libres, aussi je m'assis sous un arbre et lus un livre.
804	I've done the best I could to help you. The rest is up to you.	J'ai fait de mon mieux pour t'aider. Le reste dépend de toi.
805	It took more than a month to get over my cold, but I'm OK now.	Cela m'a pris plus d'un mois pour me débarrasser de mon rhume, mais je vais bien maintenant.
806	A man's worth lies not so much in what he has as in what he is.	La valeur d'un homme réside moins dans ce qu'il possède que dans ce qu'il est.
807	A man's worth lies not so much in what he has as in what he is.	La valeur d'un homme ne réside pas tant dans ce qu'il a que dans ce qu'il est.
808	Getting up at 6 a.m. was hard at first, but now I'm used to it.	Me lever à six heures du matin était difficile au début, mais j'y suis désormais accoutumé.
809	I didn't know how to do it, but I was willing to give it a try.	J'ignorais comment le faire, mais j'étais prêt à me lancer.
810	I didn't know how to do it, but I was willing to give it a try.	J'ignorais comment le faire mais j'étais disposé à essayer.
811	I didn't want to work late, but the boss told me that I had to.	Je ne voulais pas travailler tard mais le patron m'a dit que je le devais.
812	I didn't want to work late, but the boss told me that I had to.	Je ne voulais pas travailler tard mais la patronne m'a dit que je le devais.
813	I went out of my way to visit my friend, but he wasn't at home.	J'ai fait un détour pour rendre visite à un ami, mais il n'était pas chez lui.
814	I'm sorry, but could you move over a bit so I have room to sit?	Excusez-moi, mais est-ce que vous pourriez vous déplacer un peu pour que je puisse m'asseoir ?
815	We can't add days to our life, but we can add life to our days.	Nous ne pouvons ajouter de jours à nos vies, mais nous pouvons ajouter de la vie à nos jours.
816	I hadn't planned to do that, but I can if you really want me to.	Je n'avais pas prévu de faire cela mais je peux le faire, si vous le voulez vraiment.
817	I hadn't planned to do that, but I can if you really want me to.	Je n'avais pas prévu de faire cela mais je peux le faire, si tu le veux vraiment.
818	If it's all right with you, I'd like to stay for a while longer.	Si ça vous convient, j'aimerais rester encore un moment.
819	If it's all right with you, I'd like to stay for a while longer.	Si ça te convient, j'aimerais rester encore un moment.
820	No matter how hard I try, I can't do it any better than she can.	J'ai beau essayer, je n'arrive pas à le faire un tant soit peu mieux qu'elle.
821	We're going to eat a lot tonight so I hope you're not on a diet.	On va beaucoup manger ce soir alors j'espère que tu ne fais pas de régime.
822	Can you spare me a few minutes? I'd like to have a word with you.	Pouvez-vous me consacrer quelques minutes ? J'aimerais vous dire un mot.
823	Can you spare me a few minutes? I'd like to have a word with you.	Peux-tu me consacrer quelques minutes ? J'aimerais te dire un mot.
824	I am looking for a part-time job so I can buy a new video camera.	Je suis à la recherche d'un travail à temps partiel afin de pouvoir m'acheter un nouveau caméscope.
825	I feel a lot better now, but I know Dad's going to be real upset.	Je me sens beaucoup mieux maintenant, mais je sais que Papa va vraiment être contrarié.
826	I know you're not going to come to my party, but I wish you were.	Je sais que tu ne vas pas venir à ma fête mais j'aimerais que tu y viennes.
827	I know you're not going to come to my party, but I wish you were.	Je sais que vous n'allez pas venir à ma fête mais j'aimerais que vous y veniez.
828	I may have told you such a thing, but I don't remember it at all.	J'ai pu te dire une telle chose, mais je ne m'en rappelle plus du tout.
829	I told her that if I could be of any use I would be glad to help.	Je lui ai dit que, si je pouvais être d'une quelconque utilité, je serais ravi d'aider.
830	I told her that if I could be of any use I would be glad to help.	Je lui ai dit que, si je pouvais être d'une quelconque utilité, je serais ravie d'aider.
831	I told her that if I could be of any use I would be glad to help.	Je lui dit que, si je pouvais être d'une quelconque utilité, je serais ravi d'aider.
832	I told her that if I could be of any use I would be glad to help.	Je lui dit que, si je pouvais être d'une quelconque utilité, je serais ravie d'aider.
833	I'd like to buy a present for my son. Do you have any good ideas?	J'aimerais acheter un cadeau pour mon fils. Avez-vous la moindre bonne idée ?
834	I'd like to make a call to Tokyo, Japan. The number is 3202-5625.	Je voudrais passer un appel à Tokyo, au Japon, le numéro est 3202-5625.
835	I'll lend you any book that I have, as long as you keep it clean.	Je te prêterai tous les livres dont je dispose, pourvu que tu les gardes propres.
836	I'll lend you any book that I have, as long as you keep it clean.	Je vous prêterai tous les livres dont je dispose, pourvu que vous les gardiez propres.
837	I'm on a budget, so I don't eat out more than three times a week.	Comme j'ai un budget à respecter, je vais au restaurant pas plus de trois fois par semaine.
838	If I'd known what you were going to do, I'd've tried to stop you.	Si j'avais su ce que tu allais faire, j'aurais essayé de te stopper.
839	Tom doesn't have a cat. However, Tom does have a dog, doesn't he?	Tom n'a pas de chat. Cependant, Tom a un chien, n'est-ce pas ?
840	As soon as I can figure out how to send money, I'll send you some.	Dès que j'arrive à comprendre comment envoyer de l'argent, je vous en enverrai.
841	As soon as I can figure out how to send money, I'll send you some.	Dès que j'arrive à comprendre comment envoyer de l'argent, je t'en enverrai.
842	He can't swim at all, but when it comes to skiing, he is the best.	Il ne sait pas du tout nager, mais quand il faut skier, c'est le meilleur.
843	I thought if I broke up with you, I'd never have to see you again.	Je pensais que si je rompais avec toi, je n'aurais plus jamais à te revoir.
844	I'm not saying that we can't win. I'm just saying it's not likely.	Je ne dis pas que nous ne pouvons pas l'emporter. Je dis simplement que ce n'est pas probable.
845	I'm not saying that we can't win. I'm just saying it's not likely.	Je ne dis pas que nous ne pouvons pas gagner. Je dis juste que ce n'est pas probable.
846	If God had meant for us to be naked, we'd have been born that way.	Si Dieu avait voulu que nous soyons nus, il nous aurait fait naître comme ça.
847	If I tell my mother, she'll worry, so I don't think I'll tell her.	Si j'en parle à ma mère, elle va se faire du souci, donc je ne pense pas que je lui en parlerai.
848	If you were able to go camping with us, I think we'd all have fun.	Si vous étiez en mesure de venir camper avec nous, je pense que nous nous amuserions tous.
849	If you were able to go camping with us, I think we'd all have fun.	Si tu étais en mesure de venir camper avec nous, je pense que nous nous amuserions tous.
850	As long as I'm going to be in London, I ought to see a play or two.	Dans la mesure où je vais être à Londres, je devrais voir une ou deux représentations.
851	I don't care how much you want it. I'm not going to give it to you.	Je me fiche de combien tu le veux. Je ne vais pas te le donner.
852	I don't care how much you want it. I'm not going to give it to you.	Je me fiche de combien vous le voulez. Je ne vais pas vous le donner.
853	I don't know when I'll be able to pay you back the money I owe you.	Je ne sais pas quand je pourrai vous rembourser l'argent que je vous dois.
854	I don't know when I'll be able to pay you back the money I owe you.	Je ne sais pas quand je pourrai te rembourser l'argent que je te dois.
855	I won't go to all the meetings, but I'll try to go to some of them.	Je n'irai pas à toutes les réunions, mais j'essaierai d'aller à certaines d'entre elles.
856	If you go by bus, you can get there in about one-third of the time.	Si tu t'y rends par le bus, tu peux y être dans environ le tiers du temps.
857	If you go by bus, you can get there in about one-third of the time.	Si tu y vas par le bus, tu peux y être dans environ trois fois moins de temps.
858	My leg's gone to sleep, so I don't think I can stand up right away.	Ma jambe est ankylosée, alors je ne pense pas que je puisse me dresser tout de suite.
859	You can't beat me, Tom. I've been playing tennis since I was a kid.	Tu ne peux pas me battre, Tom : je joue au tennis depuis que je suis petit.
860	I haven't seen you for a long time. Come and see me once in a while.	Cela fait longtemps que je ne vous ai pas vu. Venez me rendre visite une fois de temps en temps.
861	In the summer, I go to the sea, and in the winter, to the mountains.	En été, je vais à la mer et en hiver à la montagne.
862	In the summer, I go to the sea, and in the winter, to the mountains.	L'été, je vais à la mer, l'hiver, je vais à la montagne.
863	It's a good idea, to be sure, but it's hard to put it into practice.	C'est assurément une bonne idée, mais c'est difficile à mettre en pratique.
864	Tom wants to call his uncle, but he can't seem to get a hold of him.	Tom veut appeler son oncle, mais il n'obtient pas la communication.
865	We did our best to help him, but he didn't so much as say thank you.	Nous fîmes de notre mieux pour l'aider, mais il ne dit même pas merci.
866	You don't have to make up an excuse if you don't want to go with us.	Tu ne dois pas trouver d'excuse si tu ne veux pas venir avec nous.
867	I had heard that he was fat, but I didn't think he would be that fat.	J'avais entendu qu'il était gros, mais je ne pensais pas qu'il serait si gros.
868	I'm sure I've met that man somewhere, but I don't remember who he is.	Je suis sûr d'avoir rencontré cet homme quelque part mais je ne me souviens plus qui c'est.
869	I'm sure I've met that man somewhere, but I don't remember who he is.	Je suis sûre d'avoir rencontré cet homme quelque part mais je ne me souviens plus qui c'est.
870	If anyone calls me up while I'm away, tell them I'll be back by five.	Si quelqu'un appelle pendant que je suis absent, dis-lui que je serai de retour à cinq heures.
871	If anyone calls me up while I'm away, tell them I'll be back by five.	Si quelqu'un appelle pendant que je suis absente, dites-lui que je serai de retour à cinq heures.
872	If you don't do this now, you'll regret it for the rest of your life.	Si tu ne le fais pas maintenant, tu le regretteras toute ta vie.
873	No one has the right to tell me what I can and can't do with my body.	Personne n'a le droit de me dire ce que je peux et ne peux pas faire avec mon corps.
874	I had a part-time job as a hotel maid, but I didn't like it very much.	J'avais un emploi à temps partiel comme femme de chambre dans un hôtel, mais je n'aimais pas beaucoup ça.
875	I want to do some bass fishing, but I don't know what to use for bait.	Je veux aller pêcher la perche mais je ne sais quoi employer comme appât.
876	I want to do some bass fishing, but I don't know what to use for bait.	Je veux aller pêcher la perche mais je ne sais qu'employer comme appât.
877	What's this song? I've heard it before, but I can't remember the name.	Quel est ce morceau ? Je l'ai déjà entendu quelque part mais le titre ne me revient pas.
878	You know as well as I do that we can't afford to buy that kind of car.	Tu sais aussi bien que moi que nous ne pouvons pas nous permettre d'acheter ce genre de voiture.
879	I'd like to know how much the meal was because I'd like to pay my half.	Je voudrais savoir combien a coûté le repas car j'aimerais payer ma part.
880	I'm not going to the library, but I can take you as far as the station.	Je ne vais pas à la bibliothèque, mais je peux vous emmener jusqu'à la gare.
881	It's a small noisy apartment, but it's where I live and I call it home.	C'est un petit appartement bruyant mais c'est où je vis et je l'appelle 'maison'.
882	Mary told Tom to go easy on the ice cream if he didn't want to get fat.	Marie a dit à Tom d'y aller doucement sur la glace s'il ne voulait pas grossir.
883	A long time ago when I was young, I used to write in my diary every day.	Il y a bien longtemps, quand j'étais jeune, j'écrivais dans mon journal tous les jours.
884	I can give you a copy of the report, but I can't vouch for its accuracy.	Je peux vous donner une copie du rapport, mais je ne peux pas en garantir l'exactitude.
885	I can put up with a house being untidy, but I don't like it to be dirty.	Je peux supporter une maison en désordre, mais je ne l'aime pas si elle est sale.
886	I can't make a decision on the spot. I'll have to talk to my boss first.	Je ne peux pas prendre de décision sur-le-champ. Je vais d'abord devoir parler à mon patron.
887	I didn't know that you were sick, so I didn't visit you in the hospital.	Je ne savais pas que tu étais malade, donc je ne t'ai pas rendu visite à l'hôpital.
888	No matter how hard you try, you won't be able to finish that in one day.	Vous aurez beau essayer, vous ne serez pas capable de finir cela en un jour.
889	No matter how hard you try, you won't be able to finish that in one day.	Vous aurez beau essayer, vous ne serez pas capable de finir ça en un jour.
890	No matter how hard you try, you won't be able to finish that in one day.	Vous aurez beau essayer, vous ne serez pas capables de finir cela en un jour.
891	No matter how hard you try, you won't be able to finish that in one day.	Vous aurez beau essayer, vous ne serez pas capables de finir ça en un jour.
892	No matter how hard you try, you won't be able to finish that in one day.	Tu auras beau essayer, tu ne seras pas capable de finir cela en un jour.
893	No matter how hard you try, you won't be able to finish that in one day.	Tu auras beau essayer, tu ne seras pas capable de finir ça en un jour.
894	"How far is it from here to your school? It's about ten minute's walk."""	« Combien de temps ça prend pour aller d'ici à ton école ? » « Environ 10 minutes à pied. »
895	As a boy, I used to lie on my back on the grass and look at white clouds.	Enfant, j'avais pour habitude de m'allonger dans l'herbe et de regarder les nuages blancs.
896	I don't think it'll rain, but I'll take an umbrella just in case it does.	Je ne pense pas qu'il va pleuvoir, mais je vais prendre un parapluie juste au cas où cela se confirmait.
897	I don't think it'll rain, but I'll take an umbrella just in case it does.	Je ne pense pas qu'il va pleuvoir, mais je vais prendre un parapluie avec moi, juste au cas où.
898	I held onto the rope for as long as I could, but I finally had to let go.	J'ai agrippé la corde aussi longtemps que j'ai pu, mais j'ai finalement dû la lâcher.
899	I knew I had to tell him the truth, but I couldn't bring myself to do it.	Je savais que je devais lui dire la vérité, mais je n'arrivais pas à m'y résoudre.
900	I knew that Tom didn't want to do that, but I wanted him to do it anyway.	Je savais que Tom ne voulait pas le faire, mais je voulais quand même qu'il le fasse.
901	I don't know my address yet, I'm going to stay with my friend for a while.	Je ne connais pas encore mon adresse, je vais habiter un temps chez mon ami.
902	I don't know my address yet, I'm going to stay with my friend for a while.	Je ne connais pas encore mon adresse, je vais habiter un temps chez mon amie.
903	I don't think it'll rain, but I'll take an umbrella with me, just in case.	Je ne pense pas qu'il va pleuvoir, mais je vais prendre un parapluie avec moi, juste au cas où.
904	I know what I should've done, but I just didn't have enough time to do it.	Je sais ce que j'aurais dû faire, mais je n'ai simplement pas eu assez de temps pour le faire.
905	I understand how much you want to go to the party, but I can't let you go.	J'ai bien compris à quel point tu veux aller à la fête, mais je ne peux pas te laisser partir.
906	As a result of a traffic jam, he wasn't able to see her off at the station.	Du fait des embouteillages, il n'a pas pu la voir partir depuis la gare.
907	He's a different person when he's drunk, so I don't like to drink with him.	C'est une personne différente quand il est saoul, donc je n'aime pas boire avec lui.
908	I'll do my best, but I'll not be able to finish it before Thursday at best.	Je ferai de mon mieux, mais je ne pourrai pas finir avant jeudi, au mieux.
909	She owes him a lot of money, but she probably won't be able to pay it back.	Elle lui doit beaucoup d'argent mais elle ne sera probablement pas en mesure de le rembourser.
910	We waited for the bus, but it was over 30 minutes late, so we caught a cab.	Nous avons attendu le bus, mais il avait plus de trente minutes de retard, donc nous avons pris un taxi.
911	I don't know if you remember me, but we met a couple of years ago in Boston.	Je ne sais pas si vous vous rappelez de moi, mais nous nous sommes rencontrés il y a quelques années à Boston.
912	I don't know if you remember me, but we met a couple of years ago in Boston.	Je ne sais pas si tu te rappelles de moi, mais nous nous sommes rencontrées il y a deux ans à Boston.
913	I'd like to go home now, but I have to stay here until I finish this report.	J'aimerais rentrer chez moi maintenant, mais je dois rester ici jusqu'à ce que je finisse ce rapport.
914	If a man had 11 sheep and all but 9 died, how many sheep would he have left?	Si un homme avait onze moutons et que tous sauf neuf mourraient, combien de moutons lui resterait-il ?
915	If only I'd been a couple of years older, they would've let me into the bar.	Si seulement j'avais eu quelques années de plus, ils m'auraient laissé rentrer dans le bar.
916	If only I'd been a couple of years older, they would've let me into the bar.	Si seulement j'avais eu quelques années de plus, ils m'auraient laissée rentrer dans le bar.
917	I used to use Twitter, but then found it a bit boring, so I stopped using it.	J'ai utilisé Twitter, mais j'ai ensuite trouvé ça ennuyeux alors j'ai arrêté de l'utiliser.
918	The flowers don't look well. I'd like to water them. Is there a watering can?	Les fleurs n'ont pas l'air bien. Je voudrais les arroser. Est-ce qu'il y a un arrosoir ?
919	Tom won't be able to do it by himself, so we need to ask someone to help him.	Tom ne sera pas capable de le faire de lui-même, nous devons donc demander à quelqu'un de l'aider.
920	Tom, Mary, John and Alice all went to the park to play on the merry-go-round.	Tom, Mary, John et Alice se rendirent tous au parc pour monter sur le manège.
921	An army of sheep led by a lion is better than an army of lions led by a sheep.	Une armée de moutons menée par un lion vaut mieux qu'une armée de lions menée par un mouton.
922	I don't think that it'll rain, but I'll take an umbrella just in case it does.	Je ne pense pas qu'il va pleuvoir, mais je vais prendre un parapluie avec moi, juste au cas où.
923	I was the last one to start in the race, but I soon caught up with the others.	J'étais le dernier à démarrer dans la course, mais j'ai bientôt rattrapé les autres.
924	I'll let you off this time, but I don't ever want to catch you stealing again.	Je te laisse filer pour cette fois, mais je ne veux plus jamais t'attraper en train de voler.
925	I'm sorry that I haven't been able to be here for you like I should have been.	Je suis désolé d'avoir été dans l'incapacité d'être là pour toi, comme j'aurais dû l'être.
926	I'm sorry that I haven't been able to be here for you like I should have been.	Je suis désolée d'avoir été dans l'incapacité d'être là pour toi, comme j'aurais dû l'être.
927	I'm sorry that I haven't been able to be here for you like I should have been.	Je suis désolé d'avoir été dans l'incapacité d'être là pour vous, comme j'aurais dû l'être.
928	I'm sorry that I haven't been able to be here for you like I should have been.	Je suis désolée d'avoir été dans l'incapacité d'être là pour vous, comme j'aurais dû l'être.
929	I'm the type who gets nervous in front of people, so I'm bad at speech making.	Je suis du genre à devenir nerveux devant un public, donc je ne suis pas bon pour faire des discours.
930	Tom knew deep down that it was all his fault, but he wasn't about to admit it.	Au fond, Tom savait que c'était de sa faute, mais il n'était pas prêt de le reconnaître.
931	You could at least try to be a bit more polite, even though it's not like you.	Tu pourrais au moins essayer d'être un peu plus poli, même si ce n'est pas dans ta nature.
932	You could at least try to be a bit more polite, even though it's not like you.	Vous pourriez au moins tâcher d'être un peu plus poli, même si ça ne vous ressemble pas.
933	You say you want to go to Boston? Why in the world would you want to go there?	Tu dis que tu veux aller à Boston ? Pourquoi mon Dieu veux-tu y aller ?
934	A man with a watch knows what time it is, a man with two watches is never sure.	Un homme avec une montre sait quelle heure il est, un homme avec deux montres n'en est jamais sûr.
935	I can't see what the two of them are doing, but they are making a lot of noise.	Je ne vois pas ce qu'ils font tous les deux, mais ils font beaucoup de bruit.
936	I don't have a lot of work, but it's enough to keep me in the office this week.	Je n'ai pas beaucoup de travail, mais c'est assez pour me garder au bureau cette semaine.
937	I don't think that it'll rain, but I'll take an umbrella with me, just in case.	Je ne pense pas qu'il va pleuvoir, mais je vais prendre un parapluie avec moi, juste au cas où.
938	I don't think that we're going to be able to catch the train you want to catch.	Je ne pense pas qu'on va pouvoir attraper le train que tu veux attraper.
939	I don't think that we're going to be able to catch the train you want to catch.	Je ne pense pas que nous allons pouvoir attraper le train que vous souhaitez attraper.
940	I don't think we're going to be able to catch the train that you want to catch.	Je ne pense pas qu'on va pouvoir attraper le train que tu veux attraper.
941	I don't think we're going to be able to catch the train that you want to catch.	Je ne pense pas que nous allons pouvoir attraper le train que vous souhaitez attraper.
942	I like pigs. Dogs look up to us. Cats look down on us. Pigs treat us as equals.	J'aime les cochons. Les chiens nous admirent d'en bas. Les chats nous regardent de haut. Les cochons nous traitent en égaux.
943	I tried to do my homework, but I didn't really know how to do it, so I gave up.	J'ai essayé de faire mes devoirs, mais je ne savais pas vraiment comment faire, alors j'ai abandonné.
944	It'll take some time, but I think I'll be able to learn how to play the guitar.	Ça prendra un peu de temps, mais je pense que je serai capable d'apprendre à jouer de la guitare.
945	Tom thought that Mary wanted him to kiss her, but he wasn't sure, so he didn't.	Tom pensait que Mary voulait qu'il l'embrasse, mais il n'était pas sûr, donc il ne l'a pas fait.
946	When my wife's friend comes to visit, I find it hard to get a word in edgeways.	Lorsque l'amie de ma femme vient lui rendre visite, j'ai du mal à en placer une.
947	Which would you rather do, stay at home and watch TV or go out and see a movie?	Que préféreriez-vous faire, rester à regarder la télévision à la maison, ou sortir au cinéma ?
948	You might think I'm too old for you, but I don't think you're too young for me.	Vous pensez peut-être que je suis trop vieux pour vous, mais je ne pense pas que vous êtes trop jeune pour moi.
949	You might think I'm too old for you, but I don't think you're too young for me.	Tu penses peut-être que je suis trop vieux pour toi, mais je ne pense pas que tu es trop jeune pour moi.
950	"Just go in and tell the boss you want a raise. That's easier said than done."""	«Entre seulement et dis au patron que tu veux une augmentation.» «Plus facile à dire qu'à faire.»
951	All you had to do was ask and I would have lent you as much money as you needed.	Tout ce que tu avais à faire était de demander et je t'aurais prêté autant d'argent que tu en avais besoin.
952	He says that he saw nothing. However, I don't believe what he says is the truth.	Il dit qu'il n'a rien vu. Cependant, je ne crois pas que ce qu'il dit est la vérité.
953	I admit he's smart, but does he have to talk over everyone's heads all the time?	Je reconnais qu'il est intelligent, mais doit-il convaincre tout le monde en permanence ?
954	I'd like to buy the car you're selling, but I don't have enough money right now.	J'aimerais acheter la voiture que vous vendez, mais je n'ai actuellement pas assez d'argent.
955	I'd love to be able to spend more time with you, but I have to get back to work.	J'adorerais pouvoir passer plus de temps avec vous, mais je dois retourner au travail.
956	In the winter, I like to stay at home near the fire and listen to the wind blow.	En hiver, j'aime rester à la maison, près du feu, et écouter le souffle du vent.
957	It isn't a question of what I want. It's a question of what's best for everyone.	Ce n'est pas une question de savoir ce que je veux. C'est une question de savoir ce qui est mieux pour tout le monde.
958	It isn't a question of what I want. It's a question of what's best for everyone.	Ce n'est pas une question de ce que je veux. C'est une question de ce qui est mieux pour tout le monde.
959	It's not a question of what I want. It's a question of what's best for everyone.	Ce n'est pas une question de savoir ce que je veux. C'est une question de savoir ce qui est mieux pour tout le monde.
960	It's not a question of what I want. It's a question of what's best for everyone.	Ce n'est pas une question de ce que je veux. C'est une question de ce qui est mieux pour tout le monde.
961	The press can't ignore us forever. Sooner or later, they'll do a story about us.	La presse ne peut pas nous ignorer éternellement. Tôt ou tard, ils feront un article à notre sujet.
962	We don't have a lot of money, but we have enough to buy what we absolutely need.	Nous n'avons pas beaucoup d'argent, mais nous en avons assez pour acheter ce dont nous avons absolument besoin.
963	By postponing what you have to do, you run the risk of never being able to do it.	En remettant à plus tard ce qu'on a à faire, on court le risque de ne jamais pouvoir le faire.
964	I didn't know the city, and what's more, I couldn't speak a word of the language.	Je ne connaissais pas la ville, et qui plus est, je ne savais pas un mot de la langue.
965	I didn't know where Tom was going, but I had a good idea where he might be going.	Je ne savais pas où allait Tom, mais j'avais une bonne idée d'où il allait.
966	I didn't know where Tom was going, but I had a good idea where he might be going.	Je ne savais pas où allait Tom, mais j'avais une bonne idée de la direction qu'il pouvait prendre.
967	I don't know if it will be fine tomorrow, but if it is fine we'll go on a picnic.	Je ne sais pas s'il fera beau demain, mais s'il fait beau nous irons pique-niquer.
968	I have to be honest. I was a little bit nervous the first time I had an MRI scan.	Je dois être honnête, j'étais un peu nerveux la première fois que j'ai passé une IRM.
969	I promise I'll pay you back the money that I owe you before the end of the month.	Je promets que je te rembourserai l'argent que je te dois avant la fin du mois.
970	I promise I'll pay you back the money that I owe you before the end of the month.	Je te promets que je te rembourserai l'argent que je te dois avant la fin du mois.
971	I promise that I'll pay you back the money I owe you before the end of the month.	Je promets que je te rembourserai l'argent que je te dois avant la fin du mois.
972	I promise that I'll pay you back the money I owe you before the end of the month.	Je te promets que je te rembourserai l'argent que je te dois avant la fin du mois.
973	I wouldn't have agreed to do that if I'd know how much time it was going to take.	Je n'aurais pas accepté de faire ça si j'avais su combien de temps ça allait prendre.
974	I've had a slight sore throat since this morning. I wonder if I've caught a cold.	J'ai un léger mal de gorge depuis ce matin. Je me demande si j'ai attrapé un coup de froid.
975	In the first place, it's too expensive, and in the second place, I don't like it.	En premier lieu, c'est trop cher, et en second lieu, je ne l'aime pas.
976	When Tom opened the door, he saw Mary standing there with a six-pack and a pizza.	Lorsque Tom ouvrit la porte, il vit Marie se tenant là, avec un pack de six et une pizza.
977	"How much did you pay for this? About 20 euros."" ""Wow! That's incredibly cheap!"""	« Combien tu as payé pour ça ? » «Environ 20 euros. » « Whaouh ! Ce n'est pas cher du tout ! »
978	I know it's not what you were hoping for, but here's all the money I can give you.	Je sais que ce n'est pas ce que tu espérais, mais c'est tout l'argent que je peux te donner.
979	I know what time you said to be there, but I wasn't able to be there at that time.	Je sais à quelle heure vous avez dit d'être là mais je n'étais pas en mesure d'y être à cette heure-là.
980	I know what time you said to be there, but I wasn't able to be there at that time.	Je sais à quelle heure tu as dit d'être là mais je n'étais pas en mesure d'y être à cette heure-là.
981	I may not know a lot, but I do know that Tom doesn't know what he's talking about.	Je ne m'y connais peut-être pas beaucoup, mais je sais que Tom ne sait pas de quoi il parle.
982	I met an old man who says that he's never eaten at a restaurant in his whole life.	J'ai rencontré un vieil homme qui dit qu'il n'a jamais mangé dans un restaurant de toute sa vie.
983	I never for a moment imagined I'd be able to afford to live in such a fancy house.	À aucun moment n'ai-je imaginé que je serai en mesure de vivre dans une telle maison de rêve.
984	I saw a red car and a white one. The red one was nicer looking than the white one.	J'ai vu une voiture rouge et une blanche. La rouge était plus belle que la blanche.
985	I wasn't planning on doing that, but now that you suggest it, I may give it a try.	Je n'avais pas prévu de faire ça, mais maintenant que tu le dis, je vais peut-être essayer.
986	If my father had not been killed in the war, he would be over sixty years old now.	Si mon père n'avait pas été tué à la guerre, il aurait plus de soixante ans maintenant.
987	It'll take longer to tell you how to do it than to just go ahead and do it myself.	Ça prendra plus longtemps de t'expliquer comment faire que de simplement le faire moi-même.
988	It's no wonder Tom's sleeping poorly; he drinks up to twelve cups of coffee a day.	Ce n'est pas surprenant que Tom dorme mal, il boit jusqu'à douze tasses de café par jour.
989	Now that you know what the problem is, how long do you think it'll take to fix it?	Maintenant que tu sais quel est le problème, combien de temps penses-tu que ça prendra pour le résoudre ?
990	The more time I spend doing this, the less time I have to do things I enjoy doing.	Plus je passe de temps à faire ça, moins j'en ai pour faire des choses que j'aime faire.
991	When I was 10 years old, I thought that when I would be 16, my life would be cool.	Quand j'avais 10 ans, je pensais que quand j'en aurais 16, ma vie serait cool.
992	You may be able to pass unnoticed in a city, but in a village that's not possible.	Tu serais peut-être capable de passer inaperçu en ville, mais dans un village, ce n'est pas possible.
993	As soon as I can get a decent video camera, I'll start making videos to put online.	Dès que je peux avoir une caméra digne de ce nom, je commencerai à faire des vidéos à mettre en ligne.
994	I can't tell you. It's a secret and if I told you, it wouldn't be a secret anymore.	Je ne peux pas te le dire. C'est un secret et si je te le disais, ce ne serait plus un secret.
995	I didn't want to get married, but my parents really wanted me to, so I got married.	Je ne voulais pas me marier, mais mes parents le voulaient vraiment, alors je me suis marié.
996	I don't believe in astrology, but that doesn't mean that I don't read my horoscope.	Je ne crois pas en l'astrologie mais ça ne veut pas dire que je ne lis pas mon horoscope.
997	I had a lot of gumption when I was young, but now it seems to have all petered out.	Je jouissais de beaucoup de bon sens lorsque j'étais jeune mais cela semble s'être essoufflé.
998	I spend as much time working in the garden in one day as my brother does in a week.	Je passe autant de temps à travailler au jardin en un jour que ce que mon frère passe en une semaine.
999	I'm begging you, before freaking out on me listen to the end of what I have to say.	Je t'en supplie, écoute ce que j'ai à te dire jusqu'au bout avant de piquer une crise sur moi.
